design	binder_len	align_rms	hotspots_hit	hotspots	n_contacts	dSASA	helix_frac	sheet_frac	radgyr	rg_ratio	contacts	verdict	shortlisted
design_5	52	0.23	6	33+34+85+87+93+95	12	469.0	0.88	0.0	12.7	1.29	30 32 33 34 36 83 85 87 89 91 93 95	PASS	True
design_18	55	0.23	6	33+34+85+87+93+95	9	448.3	0.95	0.0	12.9	1.28	32 33 34 36 85 87 91 93 95	PASS	True
design_15	56	0.23	6	33+34+85+87+93+95	9	406.3	0.93	0.0	13.1	1.29	33 34 36 83 85 87 91 93 95	PASS	True
design_14	57	0.24	6	33+34+85+87+93+95	10	404.3	0.91	0.0	10.8	1.06	30 33 34 36 85 87 91 92 93 95	PASS	True
design_12	57	0.23	6	33+34+85+87+93+95	8	402.1	0.93	0.0	13.2	1.29	33 34 36 85 87 91 93 95	PASS	True
design_11	60	0.23	6	33+34+85+87+93+95	11	401.8	0.93	0.0	13.6	1.3	25 33 34 36 83 85 87 90 91 93 95	PASS	True
design_4	58	0.23	6	33+34+85+87+93+95	11	385.0	0.9	0.0	13.1	1.27	25 32 33 34 36 37 85 87 91 93 95	PASS	True
design_9	60	0.24	6	33+34+85+87+93+95	8	369.5	0.95	0.0	14.0	1.34	33 34 83 85 87 91 93 95	PASS	True
design_13	57	0.23	6	33+34+85+87+93+95	9	367.0	0.91	0.0	11.9	1.17	30 31 33 34 85 87 91 93 95	PASS	False
design_2	54	0.23	6	33+34+85+87+93+95	8	329.2	0.93	0.0	12.5	1.25	33 34 36 85 87 91 93 95	PASS	False
design_8	60	0.23	5	33+85+87+93+95	12	471.8	0.92	0.0	13.3	1.28	28 29 30 31 33 85 87 89 90 91 93 95	PASS	False
design_0	52	0.24	5	33+34+85+87+93	11	403.2	0.92	0.0	12.4	1.25	25 30 32 33 34 36 85 87 91 92 93	PASS	False
design_16	59	0.24	5	33+85+87+93+95	10	388.6	0.73	0.0	13.1	1.27	33 85 87 91 92 93 94 95 96 97	PASS	False
design_1	51	0.23	5	33+34+85+87+93	9	381.7	0.88	0.0	12.0	1.23	25 30 33 34 36 85 87 91 93	PASS	False
design_6	57	0.23	5	33+34+85+93+95	8	354.8	0.89	0.0	13.1	1.28	33 34 36 37 85 91 93 95	PASS	False
design_3	58	0.24	5	33+34+85+87+93	7	331.2	0.95	0.0	13.4	1.3	33 34 36 85 87 91 93	PASS	False
design_19	58	0.24	5	33+34+85+93+95	9	273.4	0.97	0.0	21.1	2.05	33 34 85 90 91 92 93 94 95	REJECT extended, not folded	False
design_17	53	0.24	5	33+85+87+93+95	6	255.4	0.96	0.0	22.6	2.27	33 85 87 91 93 95	REJECT extended, not folded	False
design_7	59	0.24	5	33+85+87+93+95	6	206.7	0.95	0.0	13.8	1.33	33 85 87 91 93 95	PASS	False
design_10	56	0.23	5	33+85+87+93+95	6	204.9	0.96	0.0	23.9	2.35	33 85 87 91 93 95	REJECT extended, not folded	False
